{
    "dataVersion": 1,
    "bodyType": 0,
    "skinColor": {
        "r": 1.0,
        "g": 0.7647058963775635,
        "b": 0.6392157077789307,
        "a": 1.0
    },
    "tintColor": {
        "r": 1.0,
        "g": 1.0,
        "b": 1.0,
        "a": 1.0
    },
    "slotData": [
        {
            "category": 0,
            "partName": "Fantasy 04 Male",
            "partPackage": "Fantasy",
            "color1": {
                "r": 0.23871494829654694,
                "g": 0.37012583017349245,
                "b": 0.18035106360912324,
                "a": 1.0
            },
            "color2": {
                "r": 0.8649365305900574,
                "g": 0.6741531491279602,
                "b": 0.18126457929611207,
                "a": 1.0
            },
            "color3": {
                "r": 0.49282267689704897,
                "g": 0.5670402646064758,
                "b": 0.3536035120487213,
                "a": 1.0
            }
        },
        {
            "category": 1,
            "partName": "Fantasy 02",
            "partPackage": "Fantasy",
            "color1": {
                "r": 0.8649365305900574,
                "g": 0.6741531491279602,
                "b": 0.18126457929611207,
                "a": 1.0
            },
            "color2": {
                "r": 0.23871494829654694,
                "g": 0.37012583017349245,
                "b": 0.18035106360912324,
                "a": 1.0
            },
            "color3": {
                "r": 0.5,
                "g": 0.5,
                "b": 0.5,
                "a": 1.0
            }
        },
        {
            "category": 2,
            "partName": "00",
            "partPackage": "Base",
            "color1": {
                "r": 0.5,
                "g": 0.5,
                "b": 0.5,
                "a": 1.0
            },
            "color2": {
                "r": 0.5,
                "g": 0.5,
                "b": 0.5,
                "a": 1.0
            },
            "color3": {
                "r": 0.5,
                "g": 0.5,
                "b": 0.5,
                "a": 1.0
            }
        },
        {
            "category": 3,
            "partName": "00",
            "partPackage": "Base",
            "color1": {
                "r": 0.3019607961177826,
                "g": 0.1921568661928177,
                "b": 0.1921568661928177,
                "a": 1.0
            },
            "color2": {
                "r": 0.3019607961177826,
                "g": 0.1921568661928177,
                "b": 0.1921568661928177,
                "a": 1.0
            },
            "color3": {
                "r": 0.3019607961177826,
                "g": 0.1921568661928177,
                "b": 0.1921568661928177,
                "a": 1.0
            }
        },
        {
            "category": 4,
            "partName": "00",
            "partPackage": "Base",
            "color1": {
                "r": 0.5,
                "g": 0.5,
                "b": 0.5,
                "a": 1.0
            },
            "color2": {
                "r": 0.5,
                "g": 0.5,
                "b": 0.5,
                "a": 1.0
            },
            "color3": {
                "r": 0.5,
                "g": 0.5,
                "b": 0.5,
                "a": 1.0
            }
        },
        {
            "category": 5,
            "partName": "",
            "partPackage": "",
            "color1": {
                "r": 0.3019607961177826,
                "g": 0.1921568661928177,
                "b": 0.1921568661928177,
                "a": 1.0
            },
            "color2": {
                "r": 0.3019607961177826,
                "g": 0.1921568661928177,
                "b": 0.1921568661928177,
                "a": 1.0
            },
            "color3": {
                "r": 0.3019607961177826,
                "g": 0.1921568661928177,
                "b": 0.1921568661928177,
                "a": 1.0
            }
        },
        {
            "category": 6,
            "partName": "",
            "partPackage": "",
            "color1": {
                "r": 0.5,
                "g": 0.5,
                "b": 0.5,
                "a": 1.0
            },
            "color2": {
                "r": 0.5,
                "g": 0.5,
                "b": 0.5,
                "a": 1.0
            },
            "color3": {
                "r": 0.5,
                "g": 0.5,
                "b": 0.5,
                "a": 1.0
            }
        },
        {
            "category": 7,
            "partName": "01",
            "partPackage": "Base",
            "color1": {
                "r": 0.3019607961177826,
                "g": 0.1921568661928177,
                "b": 0.1921568661928177,
                "a": 1.0
            },
            "color2": {
                "r": 0.3019607961177826,
                "g": 0.1921568661928177,
                "b": 0.1921568661928177,
                "a": 1.0
            },
            "color3": {
                "r": 0.3019607961177826,
                "g": 0.1921568661928177,
                "b": 0.1921568661928177,
                "a": 1.0
            }
        },
        {
            "category": 8,
            "partName": "",
            "partPackage": "",
            "color1": {
                "r": 0.5,
                "g": 0.5,
                "b": 0.5,
                "a": 1.0
            },
            "color2": {
                "r": 0.5,
                "g": 0.5,
                "b": 0.5,
                "a": 1.0
            },
            "color3": {
                "r": 0.5,
                "g": 0.5,
                "b": 0.5,
                "a": 1.0
            }
        },
        {
            "category": 9,
            "partName": "00",
            "partPackage": "Base",
            "color1": {
                "r": 1.0,
                "g": 0.7647058963775635,
                "b": 0.6392157077789307,
                "a": 1.0
            },
            "color2": {
                "r": 1.0,
                "g": 0.7647058963775635,
                "b": 0.6392157077789307,
                "a": 1.0
            },
            "color3": {
                "r": 1.0,
                "g": 0.7647058963775635,
                "b": 0.6392157077789307,
                "a": 1.0
            }
        },
        {
            "category": 10,
            "partName": "00",
            "partPackage": "Base",
            "color1": {
                "r": 0.5,
                "g": 0.5,
                "b": 0.5,
                "a": 1.0
            },
            "color2": {
                "r": 0.5,
                "g": 0.5,
                "b": 0.5,
                "a": 1.0
            },
            "color3": {
                "r": 0.5,
                "g": 0.5,
                "b": 0.5,
                "a": 1.0
            }
        },
        {
            "category": 11,
            "partName": "Fantasy 03 Male",
            "partPackage": "Fantasy",
            "color1": {
                "r": 0.23871494829654694,
                "g": 0.37012583017349245,
                "b": 0.18035106360912324,
                "a": 1.0
            },
            "color2": {
                "r": 0.8649365305900574,
                "g": 0.6741531491279602,
                "b": 0.18126457929611207,
                "a": 1.0
            },
            "color3": {
                "r": 0.49282267689704897,
                "g": 0.5670402646064758,
                "b": 0.3536035120487213,
                "a": 1.0
            }
        },
        {
            "category": 12,
            "partName": "Dirt 00",
            "partPackage": "Base",
            "color1": {
                "r": 0.5,
                "g": 0.5,
                "b": 0.5,
                "a": 1.0
            },
            "color2": {
                "r": 0.5,
                "g": 0.5,
                "b": 0.5,